Model	Precision	Recall	F1	MCC
Von Heijne	0.6255	0.7169	0.6681	0.6261
SVM (All features, 28)	0.8716	0.8676	0.8696	0.8536
CNN + BiLSTM (ESM-2)	0.9508928571428571	0.9726027397260274	0.9616252821670429	0.9569397481176373
